id_cliente,horas_consumo_mensual,gasto_mensual,cantidad_contenidos_vistos,sesiones_semana,porcentaje_finalizacion,tiempo_promedio_sesion_min,cantidad_generos_consumidos,porcentaje_uso_promociones,antiguedad_cliente_meses,edad,dispositivos_registrados,porcentaje_uso_app_movil,cantidad_perfiles_creados,interacciones_mensuales_soporte,distancia_promedio_red_km,cluster,pc1,pc2
1001,49,76.0,3,6,49,56,4,0.7855112476775208,28,52,2,0.29,5,3,34.1,1,-2.236549620751172,-1.0494919790129085
1002,59,396.0,26,8,88,211,14,0.0156912762684531,76,69,3,0.47,5,4,2.4,2,3.5176792742640144,-1.6250849394243245
1003,43,91.0,9,3,62,5,2,0.7491282365758885,15,51,1,0.78,1,7,63.6,1,-2.5610647413937775,-0.9662631268898216
1004,51,77.0,8,4,62,5,4,0.5100177544559401,5,58,2,0.27,3,6,6.5,1,-2.1290902046088354,-1.7576655944400883
1005,36,212.0,74,7,51,85,5,0.4031384441857476,48,68,5,0.75,4,0,38.5,0,-0.25040843721259826,1.5305575363028587
1006,28,188.0,66,21,69,169,8,0.3814631437520095,31,64,1,0.88,1,4,45.3,0,0.8474353309504672,2.4628128517858343
1007,30,295.0,40,11,75,92,8,0.2735406596951892,42,35,2,0.51,3,6,50.6,0,0.9027616021528915,0.5992439897599451
1008,39,495.0,14,4,71,299,14,0.1251719831428472,97,28,2,0.84,4,6,55.4,2,4.079105162361899,-1.4417656732075723
1009,49,30.0,5,4,13,20,4,0.7663349627364544,2,40,3,0.6,2,7,21.0,1,-3.3472606115006673,-1.8321903757462568
1010,45,61.0,12,1,44,37,1,0.6867225060416018,11,65,3,0.67,3,3,1.8,1,-2.968868173571048,-1.3682338319542084
1011,19,131.0,22,5,72,99,4,0.1826737439506981,48,39,5,0.57,5,6,58.2,0,-0.33373212134114544,0.33278662960624045
1012,42,261.0,23,2,98,154,11,0.0142377296920457,47,34,2,0.52,1,7,43.3,2,2.2410775531479277,-1.455423793688318
1013,58,339.0,39,2,88,224,11,0.0236329655243312,92,22,2,0.31,3,6,67.1,2,3.7132148381826315,-1.5472101476480637
1014,32,194.0,48,8,64,80,7,0.2128138290285226,29,61,3,0.37,3,0,65.9,0,-0.06353884823577059,1.2702197293236195
1015,19,271.0,54,21,74,171,6,0.2488072343171132,58,28,1,0.36,5,0,67.6,0,1.5163049859077207,2.988079617479074
1016,38,270.0,51,9,51,172,9,0.400348427116599,44,47,1,0.61,4,5,39.3,0,0.9242722480051747,0.37135132697291795
1017,17,224.0,49,21,88,121,6,0.4305829864430966,41,32,4,0.21,2,4,27.4,0,0.6191306930675929,2.1523986323290023
1018,30,88.0,19,0,45,16,1,0.7432291858515583,12,44,3,0.93,5,2,63.5,1,-3.1153515804964553,0.12740833811857993
1019,26,100.0,14,6,61,87,2,0.5791023273018796,21,52,4,0.75,2,7,36.7,1,-1.9405026567002053,-0.2914694607228343
1020,19,218.0,31,24,60,159,7,0.4166316174903394,58,50,3,0.46,4,1,15.5,0,0.5749509253480902,2.1100676474618
1021,31,34.0,3,6,38,79,2,0.781191166384481,9,37,5,0.24,3,7,68.5,1,-3.136989214909834,-0.5413267028314891
1022,24,264.0,57,11,85,72,4,0.2586606407817007,46,33,2,0.89,2,2,70.7,0,0.6454810412115934,1.9661978270892428
1023,40,124.0,48,9,77,142,7,0.2482568588267563,36,51,5,0.84,1,4,37.8,0,0.561576165825116,0.32818177116432606
1024,24,118.0,13,3,45,74,4,0.2501004300192013,29,19,3,0.75,1,1,7.0,1,-1.0143396583359576,-0.5563532823950955
1025,44,103.0,19,6,12,49,1,0.4431212520688503,26,52,2,0.34,5,2,31.6,1,-2.4463669297982094,-0.5187360180434707
1026,49,566.0,18,7,70,250,13,0.0749741159047408,88,57,1,0.46,4,5,64.5,2,3.7831357035100566,-1.2469861941957083
1027,39,175.0,52,10,92,65,4,0.1048617898759265,51,45,1,0.19,5,1,72.2,0,0.7562004835485625,1.3750251914909464
1028,38,109.0,11,3,46,40,3,0.6172466738639886,25,64,4,0.27,5,0,17.1,1,-2.4149009739046936,-0.5857051800913375
1029,35,76.0,9,0,23,19,3,0.7974988250176225,22,56,3,0.8,5,2,6.3,1,-3.2617851787127674,-0.9490714322125433
1030,36,122.0,35,15,51,133,8,0.2822627011142852,47,23,3,0.74,1,7,70.3,0,0.5275655925293635,0.5725883741898476
1031,25,65.0,8,1,69,54,4,0.2466407821789909,9,26,1,0.63,1,1,31.8,1,-1.2873026971055854,-0.476292137524135
1032,18,274.0,73,21,48,92,7,0.4255180078827795,47,37,5,0.91,5,5,43.8,0,0.3497319573115304,2.951239748468982
1033,30,276.0,32,18,74,65,4,0.2666556230953917,24,18,2,0.62,1,7,77.5,0,0.16492042124815673,1.1235924790257057
1034,54,259.0,33,2,96,228,9,0.0052733948994504,72,25,5,0.52,4,6,6.3,2,2.966166041453959,-1.9911212908933356
1035,30,395.0,24,1,80,204,14,0.0761781713262043,61,40,5,0.41,5,1,52.2,2,2.613612229900492,-0.48141343011777377
1036,56,426.0,22,1,71,224,7,0.0267704237601266,60,20,1,0.95,1,1,6.9,2,2.742737379073843,-2.1667842877653647
1037,30,174.0,25,21,44,154,7,0.4986547348295621,42,21,1,0.17,2,5,30.7,0,0.11366959765471647,0.8253376090221207
1038,19,172.0,56,14,49,142,3,0.1964339329318527,28,42,1,0.94,5,6,64.5,0,-0.15492467860798376,2.0927360471903804
1039,18,80.0,13,4,13,66,1,0.6030204106435141,2,64,4,0.84,5,2,35.2,1,-3.589259700115259,0.41147652274798896
1040,45,101.0,7,1,67,38,2,0.6633910350413836,27,55,5,0.22,4,3,79.8,1,-2.305624635532948,-0.8254610836925215
1041,32,131.0,20,16,44,153,8,0.4167271357878531,36,32,3,0.61,3,2,45.2,0,-0.1276385830346212,0.7328167672925263
1042,40,108.0,5,4,23,70,3,0.3277784969053464,6,38,2,0.88,3,6,26.4,1,-2.0434923375163483,-1.3885876599097886
1043,42,157.0,69,6,57,89,9,0.2749899688094916,53,52,4,0.61,4,4,18.4,0,0.662067292741928,0.42023360795642517
1044,62,573.5,37,7,79,170,5,0.1899041247315284,43,63,3,0.92,4,7,28.7,2,2.0038529580400195,-1.5144837282076566
1045,24,264.0,29,21,59,147,7,0.4920130301141908,21,69,5,0.95,4,5,30.4,0,-0.31782385634681837,1.5181404417799114
1046,30,72.0,16,2,60,27,3,0.5508596635694922,11,31,1,0.48,3,2,6.4,1,-2.0653371316410616,-0.55874245760544
1047,36,263.0,27,8,79,63,3,0.4587153639624047,22,53,5,0.44,4,1,30.2,1,-0.8578967881285205,0.22244812714022216
1048,44,61.0,18,4,67,55,3,0.6930743821066696,18,29,2,0.94,1,5,37.7,1,-1.741167976382292,-0.8827709815189767
1049,45,71.0,6,0,14,16,2,0.7365303577375555,17,34,4,0.71,5,0,58.1,1,-3.3720306316481237,-0.8875940351558829
1050,28,164.0,46,13,65,106,3,0.3751138868384333,49,56,4,0.2,5,6,52.9,0,-0.4053055162630892,1.2472396260093934
1051,46,275.0,13,1,77,232,7,0.0369042038712754,54,26,2,0.14,2,7,57.0,2,1.917467672738159,-1.996524238702492
1052,51,263.0,35,7,83,249,14,0.0073366405781195,95,52,3,0.61,2,2,1.7,2,3.7814946986254903,-1.1312092831463876
1053,36,252.0,24,7,83,226,6,0.0894824733646909,74,30,3,0.94,5,5,18.2,2,2.1290980091443115,-0.6367621915576056
1054,44,441.0,34,7,74,147,14,0.1127930184037672,56,32,4,0.86,1,7,53.3,2,2.7820929336235687,-0.906970068514237
1055,39,119.0,12,0,26,17,4,0.4843819648583337,10,35,4,0.71,3,2,39.2,1,-2.459790437083099,-1.0246806586470247
1056,32,482.0,22,2,84,230,10,0.1173682236041758,47,68,1,0.23,3,5,1.4,2,2.3537472068238436,-1.3652036160061625
1057,22,232.0,63,23,81,100,7,0.245232918559454,45,50,3,0.33,1,1,64.6,0,1.0141299381926039,3.1237790363307267
1058,16,178.0,64,10,76,92,7,0.1407129890481615,25,23,2,0.89,3,0,62.1,0,0.6199268013307083,2.4643136139294346
1059,20,231.0,23,15,69,154,9,0.4369256141192726,22,44,3,0.26,4,0,44.3,0,0.109572023637135,1.4147542585188808
1060,33,150.0,59,9,75,83,9,0.4586441051896083,39,40,1,0.35,5,4,6.3,0,0.3992846848837747,0.7952058322457753
1061,45,104.0,4,6,15,55,2,0.7576255934765517,15,44,4,0.22,5,5,61.6,1,-3.1738482297308233,-0.9406832049687057
1062,25,255.0,45,23,84,103,7,0.1748174994230093,23,51,4,0.71,1,2,47.1,0,0.7852508137052017,2.3076008706294617
1063,48,461.0,10,4,86,259,5,0.1221240084883265,77,63,1,0.95,3,0,62.8,2,2.5231241916427414,-0.9680280932023888
1064,54,40.0,4,4,52,7,1,0.4215382889059377,24,55,2,0.34,2,6,60.4,1,-2.2772555664254557,-1.5012540190805364
1065,24,124.0,42,14,83,61,7,0.3738286191519333,39,31,4,0.53,2,0,64.4,0,0.014009629800097803,1.9576623697744153
1066,18,92.0,5,0,26,13,3,0.4838997206311354,6,53,5,0.67,3,3,41.9,1,-3.2311163072488394,-0.3214537980104319
1067,37,282.0,49,21,44,121,6,0.486010764266605,33,25,4,1.0,2,3,12.1,0,0.2488652373915761,1.2334158144115392
1068,40,386.0,11,3,72,120,12,0.1443193101502554,99,52,5,0.19,1,0,54.0,2,2.246864285602992,-1.0424827449404337
1069,43,191.0,30,13,76,73,6,0.1654623771462818,40,36,1,0.55,1,5,50.0,0,0.6318011930229144,0.09156717398200412
1070,34,573.5,36,4,94,161,13,0.1365964126834264,47,47,1,0.45,3,4,59.6,2,2.995092097097479,-0.27666685127766416
1071,43,537.0,28,6,70,142,5,0.0464425390293634,72,31,4,0.88,2,0,14.4,2,2.2620114185294993,-0.8272106114145987
1072,29,172.0,59,12,90,98,5,0.272611257254577,22,37,3,0.53,1,1,16.4,0,0.3906555322374479,1.3927065532040634
1073,21,298.0,27,14,91,74,9,0.3480291023714054,49,66,5,0.2,1,7,71.3,0,0.5774181961743481,0.9875057628486543
1074,56,406.0,15,9,70,274,11,0.0286255971096939,43,42,2,0.67,4,2,60.2,2,2.815169308773625,-1.1261726841740878
1075,39,95.0,10,4,68,78,1,0.261749618446487,13,57,4,0.79,4,4,72.8,1,-1.6228179092781483,-0.38193853537402295
1076,48,76.0,4,4,33,56,4,0.5013730084775181,8,41,2,0.1,1,1,60.9,1,-2.246555186563299,-1.0870588360614593
1077,34,406.0,24,4,81,292,6,0.0024406144636089,90,31,4,0.87,3,4,48.2,2,3.1259105258078477,-0.777949114312822
1078,33,283.0,55,15,66,128,6,0.1726390867205702,29,43,3,0.27,5,1,52.7,0,0.7394361626639552,1.695125535046486
1079,23,101.0,15,1,55,16,2,0.5517378992100784,18,55,3,0.6,5,2,71.2,1,-2.6190864630351243,0.4183485871258789
1080,39,230.0,59,15,51,167,6,0.4675002089042986,24,40,3,0.47,1,2,46.7,0,0.20601180385690546,1.257413495884489
1081,37,376.0,19,1,97,150,14,0.0137843078734437,90,39,3,0.75,1,3,51.0,2,3.3404843264093063,-1.0985563456577216
1082,46,107.0,8,0,31,15,3,0.2736864691074403,5,65,1,0.43,1,5,13.4,1,-2.281585796679338,-1.9304691940091943
1083,35,209.0,65,8,93,146,3,0.2328585650619755,59,36,1,0.88,3,1,38.4,0,1.3501361562942154,1.2844897055936522
1084,29,268.0,66,13,92,68,4,0.4211413794392046,45,63,5,0.76,4,7,57.6,0,0.2302881301645315,1.785470872325344
1085,23,154.0,71,15,77,61,9,0.2387812807584911,53,68,2,0.68,1,3,22.4,0,0.837876851682841,2.2143068319043673
1086,41,136.0,62,16,90,113,3,0.2993471090957919,25,20,4,0.82,1,1,17.0,0,0.5127886256483797,1.3339947593636714
1087,41,62.0,17,4,52,26,2,0.2078566739530002,21,59,4,0.78,2,3,25.8,1,-1.7390180926987573,-0.7385515937715829
1088,24,110.0,9,0,29,67,1,0.3106777228513137,7,36,1,0.13,3,2,20.1,1,-2.3671220743332904,-0.7695893270832794
1089,30,473.0,22,7,88,242,12,0.1796108578881427,71,26,4,0.46,1,4,18.0,2,3.263982122153805,-0.8801420904416171
1090,47,58.0,17,4,38,34,4,0.5389046799575699,18,45,1,0.94,2,6,34.6,1,-2.007348667717051,-1.1244828826563233
1091,15,197.0,70,19,89,125,8,0.2763050987752913,69,37,5,0.21,5,3,72.7,0,1.4722048294728556,3.239761639803036
1092,47,67.0,19,6,13,5,4,0.7170713726081104,7,62,2,0.76,1,1,41.1,1,-3.1582951665199945,-0.41716527892823274
1093,32,537.0,19,3,83,281,5,0.0050772711320689,67,24,5,0.98,1,1,15.8,2,2.974027975848191,-1.1464040749731297
1094,49,79.0,7,4,17,69,1,0.3331832971597697,24,31,3,0.15,2,6,7.1,1,-2.0601568102690564,-2.1077472919405023
1095,52,504.0,38,8,91,186,7,0.1305492215703749,86,26,3,0.71,3,5,56.0,2,3.271595871635712,-0.757922131562951
1096,25,63.0,3,7,33,82,4,0.7134178808637714,11,36,3,0.52,1,7,31.2,1,-2.598551678506536,-0.6661860354429244
1097,33,97.0,5,5,30,18,3,0.3943940366640798,18,64,5,0.62,5,2,65.9,1,-2.6846316201957294,-0.07104658742629454
1098,24,103.0,7,0,32,89,3,0.2736661337976251,19,69,4,0.18,1,1,53.1,1,-2.165274086551737,-0.466278059400932
1099,18,148.0,78,22,41,60,9,0.3499045084173005,30,31,2,0.14,5,0,63.9,0,-0.051538016053956595,3.7869053129977
1100,24,249.0,22,16,59,64,7,0.2637646608764962,49,55,3,0.7,4,4,22.5,0,0.07308664055754069,0.8860723439987319
1101,23,172.0,63,7,91,145,6,0.156045270306581,29,53,3,0.84,4,3,55.7,0,0.7691998098009363,1.6933493865065574
1102,47,88.0,14,6,41,85,2,0.2134815849920704,14,57,3,0.8,5,5,21.9,1,-1.5546406819065783,-1.0578165667374322
1103,23,159.0,21,17,64,162,3,0.1557424296291296,62,34,2,0.59,3,7,75.2,0,0.5326781742039554,1.0899595758442933
1104,21,55.0,13,1,32,41,3,0.6935503255470045,21,47,3,0.19,1,6,51.3,1,-2.9750574060211017,-0.4439324743713578
1105,63,266.0,14,9,75,241,11,0.0213157460257348,61,26,2,0.72,1,4,26.6,2,2.9464482530655034,-2.0064321193832626
1106,35,146.0,76,10,66,99,4,0.3402067441734613,26,50,3,0.32,4,2,22.3,0,-0.19826885546472384,1.5152942321376808
1107,27,74.0,17,1,30,66,2,0.4532216357304124,2,69,5,0.92,5,5,16.1,1,-2.922542945839191,-0.5526868436391458
1108,30,556.0,30,4,88,145,9,0.1674157981406059,50,42,5,0.85,1,7,55.9,2,2.168787827099406,-0.6290356521848516
1109,18,232.0,78,11,79,158,8,0.2904201608796398,66,31,2,0.74,1,3,18.3,0,1.8527349343936597,1.9343649060480386
1110,38,269.0,24,5,75,170,6,0.1648055511566338,62,28,5,0.95,3,3,48.0,2,1.3425010664534676,-0.5089538887603507
1111,31,228.0,62,6,48,85,4,0.1426393012535087,28,52,2,0.13,2,6,21.9,0,-0.16114070699318808,0.35640901449130874
1112,22,136.0,20,15,79,101,3,0.1985608132956427,22,58,5,0.76,4,0,53.3,0,-0.6894885889408133,1.6168359055809474
1113,59,351.0,11,3,74,163,5,0.0273637261837922,49,31,5,0.4,4,6,65.4,2,1.3978756687029228,-2.09561474720705
1114,41,567.0,25,8,88,127,9,0.1518071691077699,76,47,2,0.92,2,2,62.5,2,2.7498490744598545,-0.219168185414412
1115,33,99.0,8,0,27,16,3,0.6159051268741549,9,58,4,0.34,1,5,61.1,1,-3.1825547677346018,-0.9487244771691082
1116,55,296.0,19,7,86,270,14,0.1135890461105259,97,21,5,0.75,3,5,15.8,2,3.9200294994284053,-1.9388426858718346
1117,36,519.0,24,5,76,256,7,0.1848792390753061,89,21,3,0.89,3,1,8.0,2,3.1487609797230345,-0.9452241852492993
1118,41,201.0,50,24,78,158,4,0.3089738304284676,58,45,4,0.14,4,0,56.2,0,1.0049876709064254,2.160401501061979
1119,46,263.0,33,3,81,164,6,0.1769996713046562,82,25,2,0.46,3,0,30.1,2,1.9493531023544242,-0.7136128459709243
1120,43,84.0,12,6,24,8,1,0.596993105048325,13,19,4,0.79,2,5,35.2,1,-2.8015628037299605,-0.9857147129140271
1121,47,410.0,25,2,92,289,6,0.0042538821700774,94,58,1,0.51,1,5,3.5,2,3.440071967223205,-1.9689646031103576
1122,42,390.0,27,3,96,158,8,0.0105367671954457,88,63,1,0.34,2,4,21.5,2,2.748280814274378,-1.162026377721548
1123,43,181.0,72,16,55,115,6,0.4936333876797181,29,39,5,0.3,5,7,3.7,0,-0.01266416639782662,0.8775227336224385
1124,44,272.0,58,24,44,124,8,0.1013385448171916,64,58,5,0.22,4,4,70.5,0,1.3448580016324099,1.8717602295145668
1125,28,239.0,49,22,43,77,8,0.3356434137883579,67,33,3,0.87,3,4,20.2,0,0.7621397963653872,1.763852911316334
1126,18,82.0,14,6,18,19,1,0.4349780843242137,4,46,4,0.62,5,0,45.0,1,-3.2787966653708858,0.802143025592032
1127,41,436.0,35,5,98,290,10,0.1964661030160163,85,66,1,0.17,3,1,4.1,2,3.5150602486985876,-0.765043020896835
1128,53,260.0,39,2,94,171,8,0.0463343402766886,59,65,5,0.44,1,3,53.7,2,1.9390144116706194,-0.9791835377527136
1129,43,182.0,73,23,84,169,4,0.1187781428591252,45,47,4,0.43,1,4,26.5,0,1.5644930447524745,1.8291822721289708
1130,20,35.0,5,4,63,51,3,0.7302715309780554,3,29,5,0.26,1,1,71.9,1,-2.84375755600848,0.3168015087361777
1131,37,90.0,10,2,59,86,2,0.7978014654840346,3,52,5,0.49,3,6,71.2,1,-2.7821671368064114,-0.7202749920435513
1132,17,132.0,75,19,64,132,6,0.3320344831351245,53,28,1,0.4,5,2,26.7,0,0.762524300572819,3.006789900781497
1133,25,224.0,75,7,67,88,3,0.1177506654132947,53,63,1,0.41,1,4,72.2,0,0.4708016242389248,1.8129387999644015
1134,26,289.0,28,19,79,84,7,0.3940850618093811,53,67,5,0.77,5,6,79.7,0,0.303193965709014,1.7108254605279904
1135,53,373.0,24,6,77,252,14,0.1065205038801524,76,38,2,0.3,3,3,66.2,2,3.4491060687621258,-1.1520269275959758
1136,42,295.0,32,9,52,140,4,0.2980586108055897,51,38,5,0.68,5,2,67.7,0,0.28549898233803905,0.2604903812863836
1137,46,87.0,3,7,49,44,3,0.7186957281844091,1,22,5,0.61,3,2,20.7,1,-2.5136180914335036,-1.0798220552349116
1138,23,117.0,19,7,49,63,3,0.2962400631980433,13,65,3,0.61,3,3,46.6,1,-1.8160925399343157,0.5055830015323488
1139,42,82.0,10,3,36,42,4,0.2951630631758442,11,37,3,0.7,4,4,6.3,1,-1.802949451379566,-1.3874334040156608
1140,60,272.0,19,5,99,158,6,0.1635934048238124,53,54,3,0.59,3,0,8.5,2,1.607654550526343,-1.5143673631779615
1141,42,261.0,16,2,82,165,5,0.1119688624617659,79,20,2,0.89,3,3,79.9,2,1.7170034563711116,-0.7936982591807437
1142,16,207.0,64,7,87,129,5,0.4044111610008112,29,61,2,0.71,2,3,26.8,0,0.13408874156764136,1.6983508065670487
1143,49,92.0,15,5,46,26,4,0.3042520851845401,4,50,5,0.59,1,3,60.1,1,-1.8937329086600336,-0.8598287674636355
1144,32,187.0,46,21,51,81,3,0.3328681840705093,20,26,3,0.85,4,2,64.7,0,-0.5526435665927454,2.201351054751091
1145,36,239.0,78,22,89,73,9,0.4875511421142766,55,26,2,0.65,4,7,68.8,0,1.4864050790260346,2.561134050922746
1146,41,299.0,31,11,68,70,3,0.2294440876598165,34,21,1,0.36,4,1,79.8,0,0.19855662191228332,0.6807411846790851
1147,49,80.0,11,1,32,30,2,0.3641759997689995,29,52,5,0.29,2,6,20.1,1,-2.1657082873843243,-1.986675151933456
1148,21,110.0,3,4,50,43,3,0.6768857292499577,29,34,4,0.24,3,0,4.2,1,-2.337690518762665,-0.3333968359113774
1149,25,235.0,51,6,86,137,6,0.3618044857124541,46,51,5,0.91,1,4,33.5,0,0.6380829340176525,0.7124625719434474
1150,17,200.0,63,19,55,160,5,0.4858081889080834,38,41,4,0.74,5,4,11.3,0,0.04401871792909077,2.3678971988494295
1151,34,506.0,35,6,84,281,7,0.0062268165769022,64,49,3,0.94,3,6,2.8,2,3.1760865949728125,-0.8974394666843247
1152,38,131.0,37,19,83,139,5,0.4872773711658887,65,18,4,0.64,2,1,29.5,0,0.8031165422897742,1.162562405526864
1153,39,264.0,48,12,54,86,8,0.3121417574913024,26,25,3,0.53,3,3,62.9,0,0.35728080819808233,0.8478368647681548
1154,20,93.0,12,4,33,64,2,0.5699901887124429,14,62,1,0.15,3,7,45.7,1,-2.7794922590198428,-0.19380196049540221
1155,44,402.0,39,7,86,245,8,0.0860611789798925,77,40,4,0.7,2,0,25.7,2,3.072836282988652,-0.3746337223044864
1156,30,182.0,41,6,63,131,5,0.4937405629611616,36,64,5,0.62,4,4,52.7,0,-0.6419652588359624,0.6099399162003063
1157,25,50.0,18,5,27,42,4,0.594190314538696,25,57,3,0.99,4,6,19.3,1,-2.5594641876600286,-0.1619494227584039
1158,62,351.0,18,8,80,298,12,0.029184414807029,51,29,5,0.32,1,5,2.1,2,3.344742316255451,-2.5142437530088593
1159,39,165.0,51,19,55,113,8,0.1841398319675474,52,29,2,0.58,1,7,61.4,0,1.0933309834952334,1.1119292107985248
1160,27,69.0,18,3,42,6,1,0.2527198994869,13,63,3,0.69,4,6,50.3,1,-2.527816603169815,-0.11951734599796934
1161,47,62.0,13,3,35,26,3,0.2796294524258362,7,64,4,0.68,5,7,61.2,1,-2.3665940316758793,-1.0708009168447674
1162,43,75.0,18,6,43,48,1,0.7709299846131963,29,32,3,0.61,3,4,4.1,1,-2.3672161719638223,-0.9154487581233594
1163,20,35.0,9,5,18,36,1,0.6254363116705499,8,58,5,0.8,5,3,67.1,1,-3.7697903426618566,0.5732720226938514
1164,25,79.0,15,2,16,79,4,0.5318008715551752,6,36,1,0.28,3,5,49.9,1,-2.570732196729819,-0.43202337916818534
1165,40,141.0,45,7,80,119,4,0.2754428865958154,37,43,3,0.75,4,1,45.5,0,0.17874826157659804,0.6145926147223548
1166,41,336.0,21,9,82,241,7,0.1951730511638262,75,69,4,0.66,1,0,50.3,2,2.050882641563113,-0.16359653669819108
1167,27,255.0,48,23,83,141,8,0.3876807113089056,41,46,2,0.91,1,1,69.3,0,1.165466000363377,2.6514523439596323
1168,19,215.0,75,13,42,87,4,0.2613045444495327,48,39,1,0.86,5,1,47.4,0,0.07013717462824347,2.7555531835886757
1169,36,216.0,26,16,88,153,7,0.3908676279065232,43,57,2,0.38,1,6,46.9,0,0.785019782988833,0.4163042820148661
1170,37,66.0,4,3,53,24,4,0.2240655148474895,17,38,3,0.35,4,7,79.3,1,-1.7056363418952825,-0.8833822535890163
1171,49,65.0,2,7,45,70,3,0.7404211184067553,6,68,5,0.98,5,0,60.8,1,-2.8562343525168674,-0.3299544506988127
1172,21,289.0,70,23,93,71,5,0.3491866334253931,59,55,5,0.57,3,0,35.9,0,0.9744205229806094,3.337634745519634
1173,38,44.0,1,2,35,12,4,0.7454195123993848,23,37,4,0.92,1,4,56.9,1,-2.8586854161694526,-1.0081323673509335
1174,24,291.0,33,18,41,178,7,0.4417540373478317,64,46,5,0.25,2,4,31.7,0,0.5436710859993322,1.0098780199286743
1175,31,118.0,2,6,15,21,3,0.3872888340178683,28,68,1,0.68,1,0,19.1,1,-2.4441304862873245,-0.4269112162780207
1176,16,282.0,56,9,40,99,6,0.1523494642873399,64,21,5,0.83,3,5,48.2,0,0.6769040364935454,1.3184028834932537
1177,40,76.0,11,1,12,18,4,0.5118643691336107,10,24,4,0.95,5,2,74.3,1,-2.780757480194466,-0.5596066121202915
1178,29,30.0,5,3,17,47,4,0.6240663301312676,22,45,3,0.4,3,4,74.4,1,-2.9741740532224337,-0.3272978402172874
1179,49,533.0,34,5,84,284,5,0.1688340897938394,83,45,3,0.75,2,2,28.0,2,3.1965806797326626,-1.0953892946144377
1180,38,275.0,66,19,45,167,5,0.1447678477590911,69,21,5,0.58,4,6,42.7,0,1.5661528367721018,1.3495230377314607
1181,28,249.0,28,9,59,85,7,0.3560011867347655,54,39,2,0.15,1,5,17.7,0,0.26222649936247633,-0.1660299904677185
1182,20,178.0,24,5,88,110,8,0.3752831463466382,39,29,3,0.72,5,0,79.7,0,0.2415426966183145,1.124255204464788
1183,53,500.0,20,2,94,169,13,0.1160224459390936,95,62,5,0.72,4,5,78.5,2,3.368405745263715,-1.4497477096930373
1184,52,543.0,29,7,99,164,8,0.1409361525473293,81,20,4,0.94,3,4,52.3,2,3.3269650038674476,-1.0127429320647499
1185,42,238.0,27,22,60,60,9,0.3690408472900505,51,39,5,0.55,5,1,64.5,0,0.42257097481144823,1.4218233212926248
1186,22,115.0,15,1,10,59,3,0.766768531684414,10,61,3,0.31,4,6,57.5,1,-3.493990143915631,-0.2528504437259456
1187,59,363.0,27,1,95,255,12,0.1537038729047582,66,19,4,0.14,5,0,47.9,2,3.3079077649424815,-1.6207904276177005
1188,25,118.0,14,3,42,5,3,0.7645252138028391,14,41,5,0.47,2,3,5.2,1,-2.9564975812127043,-0.515254401388386
1189,22,119.0,2,1,15,67,1,0.7198632005165873,25,51,1,0.37,2,6,36.9,1,-3.1584644043005,-0.8789984898961426
1190,30,132.0,28,17,70,164,5,0.4514062245205391,57,44,4,0.78,1,7,54.3,0,0.2543378018046411,0.801216575809083
1191,28,251.0,57,23,45,157,4,0.451156463616531,42,58,1,0.42,1,2,54.5,0,0.12001305691885869,2.5171224079030017
1192,48,573.5,10,8,99,173,11,0.0011517320996243,54,18,2,0.95,2,5,30.5,2,3.542130743796816,-1.66010688022396
1193,30,325.0,35,7,84,268,7,0.0777116202540691,64,25,4,0.97,5,0,75.4,2,2.491465745198483,0.7702249093760057
1194,50,78.0,17,2,53,15,3,0.3010666310856318,14,40,1,0.66,2,6,14.2,1,-1.5426399966014137,-1.6906287329928298
1195,24,293.0,28,7,60,85,4,0.2916727510518924,48,55,3,0.94,1,5,40.5,0,-0.1262226138888532,0.2267005010848822
1196,40,272.0,31,9,73,107,7,0.1984278635191993,55,23,3,0.78,2,0,55.6,0,1.194268964327885,0.2830265483402062
1197,32,72.0,16,6,15,50,2,0.6292945442595648,11,39,2,0.59,2,4,56.1,1,-2.9428810628822255,-0.1187528866370018
1198,50,356.0,32,5,97,262,13,0.1309386162862696,90,42,4,0.26,5,6,52.2,2,3.7312783208577813,-1.1791178649649772
1199,44,573.0,30,6,88,153,8,0.0513553135441015,91,35,4,0.51,4,4,22.7,2,3.2485727227571717,-1.0748444484290327
1200,56,406.0,24,3,77,263,14,0.1220667566621836,57,34,4,0.6,1,6,13.3,2,3.3344516577993373,-2.4487819078961897
1201,19,78.0,13,3,35,79,3,0.6086707123789897,10,29,2,0.88,5,4,51.2,1,-2.4909852928129657,0.19530023902108062
1202,21,260.0,50,11,88,101,7,0.2026251134805455,55,23,4,0.53,2,7,48.3,0,1.3076674265936237,1.0287335365186883
1203,34,237.0,26,5,83,179,7,0.3532605502376089,32,43,3,0.91,2,5,15.2,0,0.7295063835006704,-0.6724698485220779
1204,51,367.0,30,6,97,256,14,0.0424089679816453,49,44,1,0.71,4,3,56.7,2,3.5134760725637078,-0.7886719583283575
1205,41,71.0,8,7,25,53,2,0.3533869986855634,4,25,3,0.22,1,6,37.0,1,-2.281022371169706,-1.2037736057624517
1206,32,271.0,38,8,78,133,3,0.1382141255338672,55,36,3,1.0,1,7,53.8,0,0.9702503503308951,0.11640907295039227
1207,24,188.0,66,21,74,167,4,0.2891567862532729,40,59,1,0.57,3,6,67.2,0,0.6777444763251943,2.717951247652913
1208,34,51.0,16,4,24,39,4,0.3237116987110559,11,18,3,0.45,1,4,14.4,1,-1.9869059344171827,-1.0011805577819117
1209,24,197.0,32,6,74,66,7,0.3703364980349504,61,46,2,0.69,4,0,2.5,0,0.24355649862217157,0.5140844945417767
1210,36,244.0,58,13,88,134,9,0.2364360097896882,65,62,1,0.2,3,6,62.5,0,1.7857304602353288,1.1746359858296231
1211,36,97.0,6,1,41,43,1,0.2476516213933919,8,66,3,0.67,3,7,49.2,1,-2.3952817338725625,-1.181560977124379
1212,54,65.0,3,0,17,74,1,0.5702934700373882,13,52,5,0.55,2,4,56.3,1,-2.9906546714680315,-1.916033599289456
1213,19,89.0,5,3,36,36,1,0.3626884619001109,8,57,3,0.47,2,1,67.2,1,-2.866114452601508,0.28994234196777624
1214,32,186.0,73,16,42,145,8,0.1209355503146033,63,31,2,0.96,1,4,64.4,0,1.4940703325863718,1.9775120353274995
1215,19,110.0,3,1,32,34,4,0.2360854055604711,12,52,4,0.57,3,5,76.9,1,-2.3318976945710417,-0.2556907629901368
1216,40,155.0,24,17,68,90,9,0.1803734754636226,35,65,3,0.3,2,3,43.3,0,0.3499829674058443,0.5619888196062647
1217,24,277.0,76,20,51,76,6,0.4924945497377215,22,62,4,0.51,4,1,39.6,0,-0.4121362594241537,3.0663905262228965
1218,33,59.0,13,6,37,9,4,0.7562005807545773,12,37,5,0.93,2,5,32.7,1,-2.8959977870249376,-0.43340721464760423
1219,18,59.0,6,5,27,76,3,0.7188117152201243,21,66,3,0.26,2,5,13.1,1,-3.0498065092812654,-0.35603316983043737
1220,45,287.0,29,2,98,261,8,0.0606256711890657,89,30,1,0.29,3,5,46.2,2,3.2358174213286373,-1.275353064061545
1221,19,114.0,2,2,66,77,1,0.3833145863948142,20,55,4,0.11,3,0,22.9,1,-2.0271120860442116,-0.24866477348607416
1222,40,55.0,4,1,64,10,3,0.6717655740542567,15,66,5,0.11,5,5,73.8,1,-2.9104099441031503,-0.8086054828695753
1223,36,179.0,56,24,81,71,9,0.2588715109716844,57,63,1,0.85,4,0,47.1,0,1.2222553684147304,2.7469666850790633
1224,35,74.0,3,5,33,34,2,0.6835552400705728,16,66,1,0.76,3,5,47.8,1,-3.029448460531269,-0.55821075682315
1225,21,299.0,33,13,54,80,5,0.1694098059946034,21,25,1,0.42,1,2,29.0,0,0.06811839574385048,0.9409962936385352
1226,17,139.0,37,14,64,125,3,0.2917417760551407,52,60,1,0.73,4,7,5.1,0,-0.16170749050072258,1.0844432877440062
1227,60,519.0,10,6,83,244,8,0.1005132152926884,80,37,3,0.46,4,1,3.5,2,3.284056149429059,-2.215714590149925
1228,23,54.0,13,4,43,12,1,0.2154871441696922,25,50,3,0.96,3,2,34.4,1,-2.1772417101573995,0.14676707653106044
1229,44,317.0,22,4,87,179,10,6.650122409788129e-05,82,43,3,0.97,4,5,7.7,2,2.792261954114858,-1.427541824379751
1230,19,89.0,19,6,60,9,3,0.3150694733551163,25,56,5,0.45,3,1,48.9,1,-1.9447363529793293,0.7953943001815291
1231,31,516.0,27,8,84,202,13,0.0284498737374392,48,38,5,0.87,2,1,70.6,2,3.000508433598985,0.20358394121580045
1232,45,91.0,14,2,16,84,4,0.2373750788780376,4,66,5,0.8,5,6,70.8,1,-2.2305717271460748,-1.0116301507161072
1233,21,69.0,17,4,48,56,1,0.5743375017749832,28,59,2,0.38,2,3,53.1,1,-2.483202924942648,0.36253200893094994
1234,54,92.0,3,6,36,18,3,0.6401686283368413,22,60,5,0.31,3,2,17.7,1,-2.6322848826593375,-1.4731135402242561
1235,19,249.0,46,10,54,80,4,0.3723899308952978,58,58,3,0.51,3,3,69.2,0,-0.3201100780423467,1.6911575312192229
1236,22,94.0,13,4,35,89,1,0.6809222671297939,13,26,3,0.8,2,1,71.0,1,-2.65159761346707,0.44433514200638446
1237,18,258.0,40,24,94,176,4,0.1508799050749798,53,41,2,0.96,1,0,16.5,0,1.6380956336408259,2.4279763754256996
1238,34,231.0,78,22,79,158,3,0.3456325244738945,48,54,2,0.79,1,1,59.3,0,1.0428689702776477,2.989013264907149
1239,38,71.0,13,0,50,68,1,0.5952152877244662,9,66,5,0.87,1,3,23.6,1,-2.712035151789495,-1.0649026929117853
1240,15,249.0,78,20,68,156,4,0.4721275539351295,59,58,4,0.64,3,2,64.4,0,0.5517931627822691,3.5812435110468845
1241,50,533.0,20,7,71,127,10,0.1273339364334414,54,34,2,0.85,4,5,79.8,2,2.2855488218835682,-0.8970963178828829
1242,46,573.5,33,3,74,279,5,0.0886546174887236,47,41,1,0.81,3,6,3.4,2,2.755808704230307,-1.7468312979694
1243,42,449.0,34,7,80,248,7,0.0142513455530517,63,38,3,0.44,4,6,71.9,2,2.789203596226627,-0.49674426790346105
1244,34,34.0,8,1,40,15,4,0.6647921187087091,7,68,1,0.6,2,6,50.2,1,-3.064717336436004,-0.8215181841306652
1245,33,147.0,70,15,44,64,8,0.432213782561936,27,56,3,0.82,5,5,77.9,0,-0.5007996291806147,2.280440703517795
1246,39,287.0,24,1,77,223,13,0.1951981699197585,54,58,3,0.14,4,6,37.7,2,2.0070859582025973,-1.3426523870687688
1247,20,78.0,4,5,13,82,1,0.5863425521246785,26,56,2,0.83,1,2,67.9,1,-2.9728636700412148,0.2820582863580058
1248,39,398.0,13,8,71,237,9,0.1840594362438815,55,30,2,0.26,3,5,5.9,2,2.226157339207012,-1.4393968576804468
1249,61,537.0,37,2,80,129,5,0.1856167280652099,94,28,1,0.56,2,6,27.5,2,2.792313030638713,-2.0439215998225375
1250,38,402.0,17,9,87,141,8,0.0481385423665009,60,63,3,0.83,1,5,6.3,2,2.002217321198909,-0.962248037590831
1251,26,151.0,70,18,88,179,7,0.214362715695664,51,36,1,0.33,2,3,78.1,0,1.6724919923047554,2.6723139256259576
1252,47,68.0,17,3,50,51,2,0.5816424582378952,21,28,4,0.32,5,7,65.5,1,-2.1083021765263483,-1.0470533758005054
1253,37,551.0,17,7,92,205,10,0.1969339479049016,61,30,1,0.46,3,7,68.4,2,2.9577438785696715,-0.8775775354594577
1254,42,148.0,32,22,41,88,7,0.3903919639941182,46,63,5,0.91,3,2,75.1,0,-0.39531156008147034,1.6393957097150655
1255,32,214.0,34,23,62,147,6,0.3931206179065002,62,62,1,0.1,5,4,7.7,0,0.6344132078084848,1.3095311059806398
1256,54,90.0,1,7,12,67,2,0.5390131957154097,29,18,5,0.91,3,0,31.5,1,-2.1950093142737677,-1.312720793125998
1257,59,544.0,21,9,74,230,12,0.0923114948839579,55,57,5,0.24,4,6,6.6,2,3.077972950763247,-2.1029721020451806
1258,25,30.0,12,4,12,69,4,0.2595068597523295,10,61,5,0.99,2,0,17.7,1,-2.5244464975670122,-0.12972545991120216
1259,51,118.0,10,4,55,31,2,0.4132307412114437,13,36,4,0.96,1,5,19.1,1,-1.7192219722475783,-1.6710855787693397
1260,23,283.0,41,14,65,117,8,0.4330721877388173,33,29,1,0.55,5,0,38.1,0,0.4763864340741163,1.6842620025368826
1261,31,63.0,11,7,60,74,4,0.5012301280930683,26,25,1,0.56,4,2,22.2,1,-1.3336411623900504,-0.17223873341127735
1262,33,360.0,38,4,89,257,12,0.0434418195382421,65,25,4,0.53,1,2,9.0,2,3.360540210381815,-0.7090766763261381
1263,19,173.0,59,11,60,133,8,0.1667540471419483,64,62,3,0.67,1,1,14.2,0,0.9792548948218379,1.6203163561478404
1264,37,46.0,7,3,38,18,3,0.238912156689781,16,29,2,0.18,5,7,12.6,1,-1.9804498324047297,-1.4702381801122844
1265,33,503.0,33,2,99,201,7,0.0539641440256428,99,65,1,0.13,4,6,77.9,2,3.1087334284866937,-0.3861459664291511
1266,36,78.0,14,2,31,28,1,0.6475551252882048,26,50,2,0.15,1,1,61.0,1,-2.869553095378039,-0.3816579374837455
1267,48,93.0,19,7,54,59,1,0.4604116197043252,18,62,4,0.5,1,0,77.5,1,-2.0059840268519373,-0.006415005504899455
1268,45,76.0,11,0,69,49,1,0.4527488319764432,4,43,3,0.35,4,4,35.7,1,-2.117206815679013,-1.3370967208846338
1269,37,76.0,15,5,56,82,4,0.4302997711598264,9,56,3,0.66,3,1,23.0,1,-1.7059723785955607,-0.37767079286212446
1270,40,263.0,24,24,49,109,5,0.1104786834128259,68,45,3,0.99,1,1,64.1,0,0.9813323132584856,1.4088166005442042
1271,59,503.0,31,6,86,228,7,0.1881358490230681,81,22,4,0.45,2,2,26.8,2,3.2279719636631268,-1.5970417654828857
1272,64,551.0,35,3,74,212,9,0.0961812001506139,60,25,5,0.62,4,4,24.7,2,3.10086899139753,-2.1218450970940395
1273,39,441.0,14,4,75,209,8,0.0099684055565883,78,42,5,0.47,1,5,19.4,2,2.5645692898393344,-1.7276558166766525
1274,64,378.0,33,9,73,189,13,0.0317816335338707,99,44,2,0.86,5,0,11.2,2,3.7544372730622992,-1.1257680668592775
1275,48,113.0,4,4,39,28,4,0.2267569450237769,22,63,5,0.91,2,1,21.3,1,-1.692235174140227,-1.301843651708548
1276,45,36.0,3,6,37,18,4,0.7849007916686672,16,40,5,0.89,1,4,29.1,1,-2.862438450260652,-1.166233851044958
1277,60,355.0,34,6,81,192,8,0.0067227200366565,59,47,3,0.98,2,7,54.2,2,2.545912249383439,-1.4289555707413735
1278,35,86.0,4,1,42,11,2,0.7399000074123636,18,62,3,0.12,2,6,5.9,1,-3.148297751118925,-1.549001588644744
1279,49,104.0,15,7,16,25,2,0.6967210251933038,24,64,2,0.86,3,4,17.6,1,-2.826124800235531,-0.9280803884473539
1280,43,562.0,14,5,87,188,7,0.1450311455102229,76,40,1,0.78,2,7,64.9,2,2.7905162159211714,-1.3553975827939775
1281,53,554.0,28,3,94,204,13,0.0366030888469454,72,66,2,0.31,3,0,12.6,2,3.7118962682870986,-1.500359266709715
1282,32,236.0,23,14,46,145,9,0.3180422113042799,43,64,2,0.96,4,4,28.1,0,0.3549458618561846,0.44235625972345805
1283,51,57.0,11,0,48,53,1,0.5677400965171696,14,37,4,0.23,3,7,69.3,1,-2.474055492505074,-1.659962168569944
1284,20,217.0,20,14,60,64,4,0.3656751658021669,21,35,4,0.71,5,4,13.2,0,-0.9355440770825956,0.7825509326824217
1285,27,45.0,16,2,48,80,4,0.6721820809505998,6,35,2,0.3,1,4,7.5,1,-2.3144681461619014,-0.7884720038628827
1286,42,178.0,29,7,90,122,3,0.1805455128543897,26,19,2,0.49,4,6,39.3,0,0.4256466780211497,-0.5248127207688817
1287,38,49.0,4,5,61,19,4,0.2757522696755681,15,21,2,0.75,4,7,24.9,1,-1.436937885392418,-1.2096036951225955
1288,39,43.0,9,7,67,32,2,0.534788443269584,2,47,5,0.61,5,7,45.5,1,-2.4738444212912785,-0.57955668109052
1289,39,250.0,27,16,72,101,6,0.4193376752897313,58,50,4,0.48,3,1,64.5,0,0.3900093903915739,0.9905940376174031
1290,40,118.0,18,2,28,73,3,0.317365563826709,12,53,2,0.39,1,0,11.8,1,-1.8482713596226554,-0.964271980339176
1291,24,127.0,43,13,75,160,7,0.2249396407542054,28,35,3,0.86,3,6,46.9,0,0.5593803516130343,1.1642095507650139
1292,29,262.0,67,18,79,141,4,0.2790411761280867,25,54,3,0.23,2,4,40.9,0,0.5791696211768406,2.0201668549936125
1293,41,512.0,25,3,82,122,6,0.0337708413355372,77,36,5,0.49,3,4,12.4,2,2.256329094785686,-1.423985375813792
1294,50,30.0,8,4,41,52,3,0.3878971968903694,6,64,5,0.91,4,1,50.3,1,-2.418514305186721,-0.7949146632657758
1295,28,138.0,51,13,51,70,8,0.2278667329762179,20,45,1,0.86,1,0,22.6,0,-0.10457588246768713,1.5010036547486005
1296,38,59.0,13,1,13,32,2,0.7878694747127133,27,57,1,0.46,3,2,39.5,1,-3.287355975136028,-0.6973857684763956
1297,56,573.5,34,3,70,144,8,0.1780516106035604,44,37,1,0.79,1,6,7.5,2,2.2892680296230936,-2.0783712550147517
1298,17,128.0,71,10,89,65,5,0.4038329640458528,30,66,5,0.84,1,1,37.3,0,-0.3935615643907019,2.458543396746947
1299,19,76.0,12,3,18,89,4,0.4965274683501799,3,50,5,0.9,2,0,25.2,1,-2.741242164207688,0.06413053919112455
1300,26,149.0,45,20,60,87,4,0.1402549914094133,40,29,5,0.59,2,6,66.0,0,0.09020143972110507,1.8021356403549917
